job_posting_title,company_name,job_posting_urn,location,is_remote,job_id,job_urls
sr. product marketing manager - geospatial technologies,Esri,urn:li:fsd_jobPosting:4210480662,"Redlands, CA (Hybrid)",0,4210480662,https://www.linkedin.com/jobs/view/4210480662
intermediate geospatial technician,MDA Space,urn:li:fsd_jobPosting:4263649457,"Aldergrove, BC (Hybrid)",0,4263649457,https://www.linkedin.com/jobs/view/4263649457
software development engineer i- national geospatial-intelligence agency,Esri,urn:li:fsd_jobPosting:4286551508,"St Louis, MO (On-site)",0,4286551508,https://www.linkedin.com/jobs/view/4286551508
geospatial developer,Maxar Technologies,urn:li:fsd_jobPosting:4297644716,"Reston, VA",0,4297644716,https://www.linkedin.com/jobs/view/4297644716
product marketing manager - geospatial technologies,Esri,urn:li:fsd_jobPosting:4210481472,"Redlands, CA (Hybrid)",0,4210481472,https://www.linkedin.com/jobs/view/4210481472
marketing manager / coordinator â€“ geospatial / space tech / satellites / adobe creative cloud,Attis,urn:li:fsd_jobPosting:4294158023,"Denver, CO (Hybrid)",0,4294158023,https://www.linkedin.com/jobs/view/4294158023
full-stack (geospatial) web developer,Space4Good,urn:li:fsd_jobPosting:4264340166,"The Hague, South Holland, Netherlands (Hybrid)",0,4264340166,https://www.linkedin.com/jobs/view/4264340166
geospatial engineer,Piper Maddox,urn:li:fsd_jobPosting:4298875096,Italy (Remote),1,4298875096,https://www.linkedin.com/jobs/view/4298875096
rf digital signal processing specialist - geospatial intelligence,Muon Space,urn:li:fsd_jobPosting:4290929605,"Mountain View, CA",0,4290929605,https://www.linkedin.com/jobs/view/4290929605
geospatial technical targeter (ts/sci w/ poly),Maxar Technologies,urn:li:fsd_jobPosting:4052319392,"McLean, VA (On-site)",0,4052319392,https://www.linkedin.com/jobs/view/4052319392
sr. consultant - geospatial authorities,Esri,urn:li:fsd_jobPosting:4277988314,"Louisville, CO (Hybrid)",0,4277988314,https://www.linkedin.com/jobs/view/4277988314
product engineer - geospatial data science,Esri,urn:li:fsd_jobPosting:4210485159,"New Delhi, Delhi, India (Hybrid)",0,4210485159,https://www.linkedin.com/jobs/view/4210485159
python full stack engineer (geospatial),Attis,urn:li:fsd_jobPosting:4292988715,United Kingdom (Remote),1,4292988715,https://www.linkedin.com/jobs/view/4292988715
geospatial user solutions analyst (ts/sci),Maxar Technologies,urn:li:fsd_jobPosting:4272903847,"Herndon, VA",0,4272903847,https://www.linkedin.com/jobs/view/4272903847
geospatial user solutions analyst (ts/sci),Maxar Technologies,urn:li:fsd_jobPosting:4272910205,"Westminster, CO",0,4272910205,https://www.linkedin.com/jobs/view/4272910205
sr. consultant - geospatial authorities,Esri,urn:li:fsd_jobPosting:4277986536,"Redlands, CA (Hybrid)",0,4277986536,https://www.linkedin.com/jobs/view/4277986536
technical program manager - sar / geospatial analytics / data science,Attis,urn:li:fsd_jobPosting:4299428802,"El Segundo, CA (On-site)",0,4299428802,https://www.linkedin.com/jobs/view/4299428802
senior geospatial machine learning engineer,Overstory,urn:li:fsd_jobPosting:4282804176,"Boston, MA (Remote)",1,4282804176,https://www.linkedin.com/jobs/view/4282804176
"senior program officer, geospatial data science",Verra,urn:li:fsd_jobPosting:4281154158,"District of Columbia, United States (Remote)",1,4281154158,https://www.linkedin.com/jobs/view/4281154158
senior mlops engineer - infrastructure / geospatial data / hpc / devops,Attis,urn:li:fsd_jobPosting:4294394040,"Massachusetts, United States (On-site)",0,4294394040,https://www.linkedin.com/jobs/view/4294394040
system & data architect - geospatial / lidar focus - c2c contract,Attis,urn:li:fsd_jobPosting:4288956067,United States (Remote),1,4288956067,https://www.linkedin.com/jobs/view/4288956067
senior backend engineer (geospatial) ,EVONA,urn:li:fsd_jobPosting:4293100028,United States (Remote),1,4293100028,https://www.linkedin.com/jobs/view/4293100028
gis industry solutions manager - imagery and remote sensing,Esri,urn:li:fsd_jobPosting:4210482415,"Redlands, CA (Hybrid)",0,4210482415,https://www.linkedin.com/jobs/view/4210482415
geospatial machine learning engineer,Attis,urn:li:fsd_jobPosting:4288695758,United States (Remote),1,4288695758,https://www.linkedin.com/jobs/view/4288695758
senior mlops engineer - infrastructure / geospatial data / hpc / devops,Attis,urn:li:fsd_jobPosting:4291664286,"Colorado, United States (On-site)",0,4291664286,https://www.linkedin.com/jobs/view/4291664286
senior geospatial data scientist,Syngenta,urn:li:fsd_jobPosting:4296960585,"Madrid, Community of Madrid, Spain (Remote)",1,4296960585,https://www.linkedin.com/jobs/view/4296960585
